DocumentID,NameInExport,DisplayName,ActiveRevision
12808,"USB4 1.0 ECN -TBT3 Single Lane 1 Support.pdf","USB4 1.0 ECN -TBT3 Single Lane 1 Support.pdf","USB4 1.0 ECN -TBT3 Single Lane 1 Support.pdf"
12807,"USB4 1.0 ECN - Link Managment Packet Routing Rules.pdf","USB4 1.0 ECN - Link Managment Packet Routing Rules.pdf","USB4 1.0 ECN - Link Managment Packet Routing Rules.pdf"
12806,"USB4 1.0 ECN - tTrainingTransition on CLx Exit Only.pdf","USB4 1.0 ECN - tTrainingTransition on CLx Exit Only.pdf","USB4 1.0 ECN - tTrainingTransition on CLx Exit Only.pdf"
12768,"USB4 1.0 ECN - Route String of Unenumerated Router.pdf","USB4 1.0 ECN - Route String of Unenumerated Router.pdf","USB4 1.0 ECN - Route String of Unenumerated Router.pdf"
12721,"USB4 1.0 ECN - LT_LRoff While Disabled.pdf","USB4 1.0 ECN - LT_LRoff While Disabled.pdf","USB4 1.0 ECN - LT_LRoff While Disabled.pdf"
12470,"USB4 1.0 ECN - Change in CL1 Response.pdf","USB4 1.0 ECN - Change in CL1 Response.pdf","USB4 1.0 ECN - Change in CL1 Response.pdf"
12469,"USB4 1.0 ECN - DP OUT Transition to Idle.pdf","USB4 1.0 ECN - DP OUT Transition to Idle.pdf","USB4 1.0 ECN - DP OUT Transition to Idle.pdf"
12468,"USB4 1.0 ECN - TBT3-Compatible Response to LTTPR DPCD Reads.pdf","USB4 1.0 ECN - TBT3-Compatible Response to LTTPR DPCD Reads.pdf","USB4 1.0 ECN - TBT3-Compatible Response to LTTPR DPCD Reads.pdf"
12416,"USB4 1.0 ECN - Change in CL0s to CL1 Flow.pdf","USB4 1.0 ECN - Change in CL0s to CL1 Flow.pdf","USB4 1.0 ECN - Change in CL0s to CL1 Flow.pdf"
12362,"USB4 1.0 ECN - Optional TMU for Peripheral Device.pdf","USB4 1.0 ECN - Optional TMU for Peripheral Device.pdf","USB4 1.0 ECN - Optional TMU for Peripheral Device.pdf"
12275,"USB4 1.0 ECN - USB3 Path Teardown.pdf","USB4 1.0 ECN - USB3 Path Teardown.pdf","USB4 1.0 ECN - USB3 Path Teardown.pdf"
12274,"USB4 1.0 ECN - Port Regions in VSEC6.pdf","USB4 1.0 ECN - Port Regions in VSEC6.pdf","USB4 1.0 ECN - Port Regions in VSEC6.pdf"
12273,"USB4 1.0 ECN - TBT3 CM NVM Access to Address 0Ah.pdf","USB4 1.0 ECN - TBT3 CM NVM Access to Address 0Ah.pdf","USB4 1.0 ECN - TBT3 CM NVM Access to Address 0Ah.pdf"
12239,"USB4 1.0 ECN - Read Response from Register 12 in TBT3 Router.pdf","USB4 1.0 ECN - Read Response from Register 12 in TBT3 Router.pdf","USB4 1.0 ECN - Read Response from Register 12 in TBT3 Router.pdf"
12219,"USB4 1.0 ECN - DP DSC Features Dependency.pdf","USB4 1.0 ECN - DP DSC Features Dependency.pdf","USB4 1.0 ECN - DP DSC Features Dependency.pdf"
12218,"USB4 1.0 ECN - Gen 2 FEC Encoding for DESKEW.pdf","USB4 1.0 ECN - Gen 2 FEC Encoding for DESKEW.pdf","USB4 1.0 ECN - Gen 2 FEC Encoding for DESKEW.pdf"
12217,"USB4 1.0 ECN - Enter Sleep Signals for a HR.pdf","USB4 1.0 ECN - Enter Sleep Signals for a HR.pdf","USB4 1.0 ECN - Enter Sleep Signals for a HR.pdf"
12172,"USB4 1.0 ECN - TBT3 DROM Base Address.pdf","USB4 1.0 ECN - TBT3 DROM Base Address.pdf","USB4 1.0 ECN - TBT3 DROM Base Address.pdf"
12171,"USB4 1.0 ECN - PCIe PERST# Behavior.pdf","USB4 1.0 ECN - PCIe PERST# Behavior.pdf","USB4 1.0 ECN - PCIe PERST# Behavior.pdf"
12170,"USB4 1.0 ECN - Changes in Sideband Register Space for Lane 1 and Bonding.pdf","USB4 1.0 ECN - Changes in Sideband Register Space for Lane 1 and Bonding.pdf","USB4 1.0 ECN - Changes in Sideband Register Space for Lane 1 and Bonding.pdf"
